Quarters,AvgAdoptionRate,StdAdoptionRate,Label
1,0.06066666666666667,0.0009428090415820641,"Informative-all, Gradual, Not-Implemented"
2,0.062,0.0016329931618554536,"Informative-all, Gradual, Not-Implemented"
3,0.06266666666666666,0.0024944382578492965,"Informative-all, Gradual, Not-Implemented"
4,0.06333333333333334,0.0033993463423951926,"Informative-all, Gradual, Not-Implemented"
5,0.06466666666666666,0.0037712361663282566,"Informative-all, Gradual, Not-Implemented"
6,0.06466666666666666,0.0037712361663282566,"Informative-all, Gradual, Not-Implemented"
7,0.06466666666666666,0.0037712361663282566,"Informative-all, Gradual, Not-Implemented"
8,0.06533333333333334,0.003399346342395193,"Informative-all, Gradual, Not-Implemented"
9,0.06533333333333334,0.003399346342395193,"Informative-all, Gradual, Not-Implemented"
10,0.06533333333333334,0.003399346342395193,"Informative-all, Gradual, Not-Implemented"
11,0.066,0.0032659863237109073,"Informative-all, Gradual, Not-Implemented"
12,0.066,0.0032659863237109073,"Informative-all, Gradual, Not-Implemented"
13,0.066,0.0032659863237109073,"Informative-all, Gradual, Not-Implemented"
14,0.066,0.0032659863237109073,"Informative-all, Gradual, Not-Implemented"
15,0.066,0.0032659863237109073,"Informative-all, Gradual, Not-Implemented"
16,0.068,0.0028284271247461927,"Informative-all, Gradual, Not-Implemented"
17,0.068,0.0028284271247461927,"Informative-all, Gradual, Not-Implemented"
18,0.07,0.0032659863237109016,"Informative-all, Gradual, Not-Implemented"
19,0.07,0.0032659863237109016,"Informative-all, Gradual, Not-Implemented"
20,0.07,0.0032659863237109016,"Informative-all, Gradual, Not-Implemented"
21,0.07,0.0032659863237109016,"Informative-all, Gradual, Not-Implemented"
22,0.07,0.0032659863237109016,"Informative-all, Gradual, Not-Implemented"
23,0.07,0.0032659863237109016,"Informative-all, Gradual, Not-Implemented"
24,0.07,0.0032659863237109016,"Informative-all, Gradual, Not-Implemented"
25,0.07066666666666667,0.0024944382578492904,"Informative-all, Gradual, Not-Implemented"
26,0.07133333333333335,0.0018856180831641218,"Informative-all, Gradual, Not-Implemented"
27,0.072,0.0016329931618554478,"Informative-all, Gradual, Not-Implemented"
28,0.072,0.0016329931618554478,"Informative-all, Gradual, Not-Implemented"
29,0.07266666666666667,0.0024944382578492917,"Informative-all, Gradual, Not-Implemented"
30,0.07266666666666667,0.0024944382578492917,"Informative-all, Gradual, Not-Implemented"
31,0.07266666666666667,0.0024944382578492917,"Informative-all, Gradual, Not-Implemented"
32,0.07266666666666667,0.0024944382578492917,"Informative-all, Gradual, Not-Implemented"
33,0.074,0.0032659863237109016,"Informative-all, Gradual, Not-Implemented"
34,0.074,0.0032659863237109016,"Informative-all, Gradual, Not-Implemented"
35,0.074,0.0032659863237109016,"Informative-all, Gradual, Not-Implemented"
36,0.074,0.0032659863237109016,"Informative-all, Gradual, Not-Implemented"
37,0.074,0.0032659863237109016,"Informative-all, Gradual, Not-Implemented"
38,0.07466666666666667,0.004109609335312649,"Informative-all, Gradual, Not-Implemented"
39,0.07466666666666667,0.004109609335312649,"Informative-all, Gradual, Not-Implemented"
40,0.07533333333333334,0.004988876515698588,"Informative-all, Gradual, Not-Implemented"
41,0.07533333333333334,0.004988876515698588,"Informative-all, Gradual, Not-Implemented"
42,0.07533333333333334,0.004988876515698588,"Informative-all, Gradual, Not-Implemented"
43,0.076,0.0043204937989385775,"Informative-all, Gradual, Not-Implemented"
44,0.07666666666666666,0.0041096093353126546,"Informative-all, Gradual, Not-Implemented"
45,0.07666666666666666,0.0041096093353126546,"Informative-all, Gradual, Not-Implemented"
46,0.07666666666666666,0.0041096093353126546,"Informative-all, Gradual, Not-Implemented"
47,0.07666666666666666,0.0041096093353126546,"Informative-all, Gradual, Not-Implemented"
48,0.07666666666666666,0.0041096093353126546,"Informative-all, Gradual, Not-Implemented"
49,0.07666666666666666,0.0041096093353126546,"Informative-all, Gradual, Not-Implemented"
50,0.07666666666666666,0.0041096093353126546,"Informative-all, Gradual, Not-Implemented"
51,0.07666666666666666,0.0041096093353126546,"Informative-all, Gradual, Not-Implemented"
52,0.07666666666666666,0.0041096093353126546,"Informative-all, Gradual, Not-Implemented"
53,0.07666666666666666,0.0041096093353126546,"Informative-all, Gradual, Not-Implemented"
54,0.07733333333333332,0.004988876515698593,"Informative-all, Gradual, Not-Implemented"
55,0.07733333333333332,0.004988876515698593,"Informative-all, Gradual, Not-Implemented"
56,0.07733333333333332,0.004988876515698593,"Informative-all, Gradual, Not-Implemented"
57,0.07733333333333332,0.004988876515698593,"Informative-all, Gradual, Not-Implemented"
58,0.07733333333333332,0.004988876515698593,"Informative-all, Gradual, Not-Implemented"
59,0.07733333333333332,0.004988876515698593,"Informative-all, Gradual, Not-Implemented"
60,0.078,0.0043204937989385775,"Informative-all, Gradual, Not-Implemented"
61,0.07866666666666666,0.0037712361663282566,"Informative-all, Gradual, Not-Implemented"
62,0.07866666666666666,0.0037712361663282566,"Informative-all, Gradual, Not-Implemented"
63,0.07866666666666666,0.0037712361663282566,"Informative-all, Gradual, Not-Implemented"
64,0.07866666666666666,0.0037712361663282566,"Informative-all, Gradual, Not-Implemented"
65,0.07866666666666666,0.0037712361663282566,"Informative-all, Gradual, Not-Implemented"
66,0.07933333333333333,0.004714045207910314,"Informative-all, Gradual, Not-Implemented"
67,0.07933333333333333,0.004714045207910314,"Informative-all, Gradual, Not-Implemented"
68,0.07933333333333333,0.004714045207910314,"Informative-all, Gradual, Not-Implemented"
69,0.07933333333333333,0.004714045207910314,"Informative-all, Gradual, Not-Implemented"
70,0.07933333333333333,0.004714045207910314,"Informative-all, Gradual, Not-Implemented"
71,0.08,0.005656854249492379,"Informative-all, Gradual, Not-Implemented"
72,0.08,0.005656854249492379,"Informative-all, Gradual, Not-Implemented"
73,0.08,0.005656854249492379,"Informative-all, Gradual, Not-Implemented"
74,0.08,0.005656854249492379,"Informative-all, Gradual, Not-Implemented"
75,0.08,0.005656854249492379,"Informative-all, Gradual, Not-Implemented"
76,0.08066666666666666,0.006599663291074443,"Informative-all, Gradual, Not-Implemented"
77,0.08066666666666666,0.006599663291074443,"Informative-all, Gradual, Not-Implemented"
78,0.08066666666666666,0.006599663291074443,"Informative-all, Gradual, Not-Implemented"
79,0.08066666666666666,0.006599663291074443,"Informative-all, Gradual, Not-Implemented"
80,0.08066666666666666,0.006599663291074443,"Informative-all, Gradual, Not-Implemented"
81,0.08066666666666666,0.006599663291074443,"Informative-all, Gradual, Not-Implemented"
82,0.08066666666666666,0.006599663291074443,"Informative-all, Gradual, Not-Implemented"
83,0.08066666666666666,0.006599663291074443,"Informative-all, Gradual, Not-Implemented"
84,0.08066666666666666,0.006599663291074443,"Informative-all, Gradual, Not-Implemented"
85,0.08066666666666666,0.006599663291074443,"Informative-all, Gradual, Not-Implemented"
86,0.08066666666666666,0.006599663291074443,"Informative-all, Gradual, Not-Implemented"
87,0.08066666666666666,0.006599663291074443,"Informative-all, Gradual, Not-Implemented"
88,0.08066666666666666,0.006599663291074443,"Informative-all, Gradual, Not-Implemented"
89,0.08066666666666666,0.006599663291074443,"Informative-all, Gradual, Not-Implemented"
90,0.08066666666666666,0.006599663291074443,"Informative-all, Gradual, Not-Implemented"
91,0.08066666666666666,0.006599663291074443,"Informative-all, Gradual, Not-Implemented"
92,0.08066666666666666,0.006599663291074443,"Informative-all, Gradual, Not-Implemented"
93,0.08066666666666666,0.006599663291074443,"Informative-all, Gradual, Not-Implemented"
94,0.08066666666666666,0.006599663291074443,"Informative-all, Gradual, Not-Implemented"
95,0.08066666666666666,0.006599663291074443,"Informative-all, Gradual, Not-Implemented"
96,0.08066666666666666,0.006599663291074443,"Informative-all, Gradual, Not-Implemented"
97,0.08066666666666666,0.006599663291074443,"Informative-all, Gradual, Not-Implemented"
98,0.08066666666666666,0.006599663291074443,"Informative-all, Gradual, Not-Implemented"
99,0.08066666666666666,0.006599663291074443,"Informative-all, Gradual, Not-Implemented"
100,0.08066666666666666,0.006599663291074443,"Informative-all, Gradual, Not-Implemented"
101,0.08066666666666666,0.006599663291074443,"Informative-all, Gradual, Not-Implemented"
102,0.08066666666666666,0.006599663291074443,"Informative-all, Gradual, Not-Implemented"
103,0.08066666666666666,0.006599663291074443,"Informative-all, Gradual, Not-Implemented"
104,0.08066666666666666,0.006599663291074443,"Informative-all, Gradual, Not-Implemented"
105,0.08066666666666666,0.006599663291074443,"Informative-all, Gradual, Not-Implemented"
106,0.08066666666666666,0.006599663291074443,"Informative-all, Gradual, Not-Implemented"
107,0.08133333333333333,0.007542472332656507,"Informative-all, Gradual, Not-Implemented"
108,0.08133333333333333,0.007542472332656507,"Informative-all, Gradual, Not-Implemented"
1,0.07933333333333333,0.0009428090415820641,"Informative-all, No-expansion, Implemented"
2,0.08466666666666667,0.0041096093353126485,"Informative-all, No-expansion, Implemented"
3,0.09000000000000001,0.007118052168020874,"Informative-all, No-expansion, Implemented"
4,0.09400000000000001,0.008640987597877143,"Informative-all, No-expansion, Implemented"
5,0.09533333333333333,0.009428090415820628,"Informative-all, No-expansion, Implemented"
6,0.09733333333333333,0.00956846672960488,"Informative-all, No-expansion, Implemented"
7,0.09933333333333333,0.009428090415820637,"Informative-all, No-expansion, Implemented"
8,0.09933333333333333,0.009428090415820637,"Informative-all, No-expansion, Implemented"
9,0.10133333333333333,0.011115554667022048,"Informative-all, No-expansion, Implemented"
10,0.102,0.011430952132988167,"Informative-all, No-expansion, Implemented"
11,0.102,0.011430952132988167,"Informative-all, No-expansion, Implemented"
12,0.102,0.011430952132988167,"Informative-all, No-expansion, Implemented"
13,0.10333333333333333,0.011115554667022048,"Informative-all, No-expansion, Implemented"
14,0.104,0.0117756811551038,"Informative-all, No-expansion, Implemented"
15,0.10466666666666667,0.012036980056845196,"Informative-all, No-expansion, Implemented"
16,0.10466666666666667,0.012036980056845196,"Informative-all, No-expansion, Implemented"
17,0.10599999999999998,0.012961481396815723,"Informative-all, No-expansion, Implemented"
18,0.10666666666666665,0.013299958228840005,"Informative-all, No-expansion, Implemented"
19,0.10666666666666665,0.013299958228840005,"Informative-all, No-expansion, Implemented"
20,0.10666666666666665,0.013299958228840005,"Informative-all, No-expansion, Implemented"
21,0.10666666666666665,0.013299958228840005,"Informative-all, No-expansion, Implemented"
22,0.10666666666666665,0.013299958228840005,"Informative-all, No-expansion, Implemented"
23,0.10733333333333332,0.013695092389449427,"Informative-all, No-expansion, Implemented"
24,0.10866666666666665,0.014636332266733432,"Informative-all, No-expansion, Implemented"
25,0.12266666666666666,0.013597385369580765,"Informative-all, No-expansion, Implemented"
26,0.12333333333333334,0.013888444437333112,"Informative-all, No-expansion, Implemented"
27,0.12333333333333334,0.013888444437333112,"Informative-all, No-expansion, Implemented"
28,0.12333333333333334,0.013888444437333112,"Informative-all, No-expansion, Implemented"
29,0.12333333333333334,0.013888444437333112,"Informative-all, No-expansion, Implemented"
30,0.12333333333333334,0.013888444437333112,"Informative-all, No-expansion, Implemented"
31,0.12333333333333334,0.013888444437333112,"Informative-all, No-expansion, Implemented"
32,0.12333333333333334,0.013888444437333112,"Informative-all, No-expansion, Implemented"
33,0.12333333333333334,0.013888444437333112,"Informative-all, No-expansion, Implemented"
34,0.12333333333333334,0.013888444437333112,"Informative-all, No-expansion, Implemented"
35,0.12333333333333334,0.013888444437333112,"Informative-all, No-expansion, Implemented"
36,0.12333333333333334,0.013888444437333112,"Informative-all, No-expansion, Implemented"
37,0.124,0.012961481396815725,"Informative-all, No-expansion, Implemented"
38,0.124,0.012961481396815725,"Informative-all, No-expansion, Implemented"
39,0.124,0.012961481396815725,"Informative-all, No-expansion, Implemented"
40,0.124,0.012961481396815725,"Informative-all, No-expansion, Implemented"
41,0.124,0.012961481396815725,"Informative-all, No-expansion, Implemented"
42,0.12466666666666666,0.012036980056845196,"Informative-all, No-expansion, Implemented"
43,0.12466666666666666,0.012036980056845196,"Informative-all, No-expansion, Implemented"
44,0.12466666666666666,0.012036980056845196,"Informative-all, No-expansion, Implemented"
45,0.12466666666666666,0.012036980056845196,"Informative-all, No-expansion, Implemented"
46,0.12466666666666666,0.012036980056845196,"Informative-all, No-expansion, Implemented"
47,0.12466666666666666,0.012036980056845196,"Informative-all, No-expansion, Implemented"
48,0.12533333333333332,0.012364824660660943,"Informative-all, No-expansion, Implemented"
49,0.12533333333333332,0.012364824660660943,"Informative-all, No-expansion, Implemented"
50,0.12533333333333332,0.012364824660660943,"Informative-all, No-expansion, Implemented"
51,0.12533333333333332,0.012364824660660943,"Informative-all, No-expansion, Implemented"
52,0.12533333333333332,0.012364824660660943,"Informative-all, No-expansion, Implemented"
53,0.12533333333333332,0.012364824660660943,"Informative-all, No-expansion, Implemented"
54,0.12533333333333332,0.012364824660660943,"Informative-all, No-expansion, Implemented"
55,0.12533333333333332,0.012364824660660943,"Informative-all, No-expansion, Implemented"
56,0.12533333333333332,0.012364824660660943,"Informative-all, No-expansion, Implemented"
57,0.12533333333333332,0.012364824660660943,"Informative-all, No-expansion, Implemented"
58,0.12533333333333332,0.012364824660660943,"Informative-all, No-expansion, Implemented"
59,0.126,0.012754084313139331,"Informative-all, No-expansion, Implemented"
60,0.12666666666666668,0.011813363431112904,"Informative-all, No-expansion, Implemented"
61,0.12666666666666668,0.011813363431112904,"Informative-all, No-expansion, Implemented"
62,0.12666666666666668,0.011813363431112904,"Informative-all, No-expansion, Implemented"
63,0.12666666666666668,0.011813363431112904,"Informative-all, No-expansion, Implemented"
64,0.12733333333333333,0.012364824660660943,"Informative-all, No-expansion, Implemented"
65,0.12733333333333333,0.012364824660660943,"Informative-all, No-expansion, Implemented"
66,0.128,0.011430952132988167,"Informative-all, No-expansion, Implemented"
67,0.128,0.011430952132988167,"Informative-all, No-expansion, Implemented"
68,0.12866666666666668,0.011813363431112904,"Informative-all, No-expansion, Implemented"
69,0.12866666666666668,0.011813363431112904,"Informative-all, No-expansion, Implemented"
70,0.12866666666666668,0.011813363431112904,"Informative-all, No-expansion, Implemented"
71,0.12866666666666668,0.011813363431112904,"Informative-all, No-expansion, Implemented"
72,0.12866666666666668,0.011813363431112904,"Informative-all, No-expansion, Implemented"
73,0.12866666666666668,0.011813363431112904,"Informative-all, No-expansion, Implemented"
74,0.12866666666666668,0.011813363431112904,"Informative-all, No-expansion, Implemented"
75,0.12866666666666668,0.011813363431112904,"Informative-all, No-expansion, Implemented"
76,0.12866666666666668,0.011813363431112904,"Informative-all, No-expansion, Implemented"
77,0.12866666666666668,0.011813363431112904,"Informative-all, No-expansion, Implemented"
78,0.12933333333333333,0.01087300428686673,"Informative-all, No-expansion, Implemented"
79,0.12933333333333333,0.01087300428686673,"Informative-all, No-expansion, Implemented"
80,0.12933333333333333,0.01087300428686673,"Informative-all, No-expansion, Implemented"
81,0.12933333333333333,0.01087300428686673,"Informative-all, No-expansion, Implemented"
82,0.13,0.009933109617167563,"Informative-all, No-expansion, Implemented"
83,0.13,0.009933109617167563,"Informative-all, No-expansion, Implemented"
84,0.13,0.009933109617167563,"Informative-all, No-expansion, Implemented"
85,0.13,0.009933109617167563,"Informative-all, No-expansion, Implemented"
86,0.13,0.009933109617167563,"Informative-all, No-expansion, Implemented"
87,0.13,0.009933109617167563,"Informative-all, No-expansion, Implemented"
88,0.13,0.009933109617167563,"Informative-all, No-expansion, Implemented"
89,0.13,0.009933109617167563,"Informative-all, No-expansion, Implemented"
90,0.13,0.009933109617167563,"Informative-all, No-expansion, Implemented"
91,0.13,0.009933109617167563,"Informative-all, No-expansion, Implemented"
92,0.13,0.009933109617167563,"Informative-all, No-expansion, Implemented"
93,0.13,0.009933109617167563,"Informative-all, No-expansion, Implemented"
94,0.13,0.009933109617167563,"Informative-all, No-expansion, Implemented"
95,0.13,0.009933109617167563,"Informative-all, No-expansion, Implemented"
96,0.13,0.009933109617167563,"Informative-all, No-expansion, Implemented"
97,0.13,0.009933109617167563,"Informative-all, No-expansion, Implemented"
98,0.13,0.009933109617167563,"Informative-all, No-expansion, Implemented"
99,0.13,0.009933109617167563,"Informative-all, No-expansion, Implemented"
100,0.13,0.009933109617167563,"Informative-all, No-expansion, Implemented"
101,0.13,0.009933109617167563,"Informative-all, No-expansion, Implemented"
102,0.13,0.009933109617167563,"Informative-all, No-expansion, Implemented"
103,0.13,0.009933109617167563,"Informative-all, No-expansion, Implemented"
104,0.13,0.009933109617167563,"Informative-all, No-expansion, Implemented"
105,0.13,0.009933109617167563,"Informative-all, No-expansion, Implemented"
106,0.13066666666666668,0.0103708994574027,"Informative-all, No-expansion, Implemented"
107,0.13066666666666668,0.0103708994574027,"Informative-all, No-expansion, Implemented"
108,0.13066666666666668,0.0103708994574027,"Informative-all, No-expansion, Implemented"
